initial_cash,final_equity,total_return_pct,benchmark_equal_weight_return_pct,alpha_vs_equal_weight_pct,max_drawdown_pct,sharpe_ratio,trades,avg_holding_days,win_rate_pct,profit_factor,total_fees,guardrail_triggered,holding_days,stop_loss_pct,take_profit_pct,max_position_fraction,cooldown_days,max_drawdown_stop_pct,score,stop_loss_exits,take_profit_exits,time_exits
200.0,367.7565394253845,83.87826971269226,376.42567583995987,-292.5474061272676,-23.254253221724362,0.7181934887516405,61.0,120.0,60.65573770491803,2.5280819965299655,41.516388,False,120,0.0,0.0,0.2,0,0.0,75.17217037904881,0,0,61
200.0,367.7565394253845,83.87826971269226,376.42567583995987,-292.5474061272676,-23.254253221724362,0.7181934887516405,61.0,120.0,60.65573770491803,2.5280819965299655,41.516388,False,120,0.0,0.0,0.2,0,0.3,75.17217037904881,0,0,61
200.0,334.5418025099411,67.27090125497055,376.84321135438984,-309.57231009941927,-18.191985234408016,0.7743454901573237,65.0,120.0,61.53846153846154,2.6095239779126236,33.281086,False,120,0.0,0.0,0.15,0,0.0,63.060477918727656,0,0,65
200.0,334.5418025099411,67.27090125497055,376.84321135438984,-309.57231009941927,-18.191985234408016,0.7743454901573237,65.0,120.0,61.53846153846154,2.6095239779126236,33.281086,False,120,0.0,0.0,0.15,0,0.2,63.060477918727656,0,0,65
200.0,334.5418025099411,67.27090125497055,376.84321135438984,-309.57231009941927,-18.191985234408016,0.7743454901573237,65.0,120.0,61.53846153846154,2.6095239779126236,33.281086,False,120,0.0,0.0,0.15,0,0.3,63.060477918727656,0,0,65
200.0,338.48991544092564,69.24495772046282,436.690582605636,-367.4456248851732,-20.143744132228814,0.8991974336088779,64.0,92.1875,68.75,2.342676629070758,43.599666,False,120,0.0,0.2,0.2,0,0.0,61.750549466645,0,30,34
200.0,338.48991544092564,69.24495772046282,436.690582605636,-367.4456248851732,-20.143744132228814,0.8991974336088779,64.0,92.1875,68.75,2.342676629070758,43.599666,False,120,0.0,0.2,0.2,0,0.3,61.750549466645,0,30,34
200.0,313.5595131969147,56.77975659845733,437.16763547176214,-380.3878788733048,-15.97923660881918,0.9647223802821463,68.0,92.51470588235294,69.11764705882352,2.444544952775667,34.85328200000001,False,120,0.0,0.2,0.15,0,0.0,53.23538980572128,0,31,37
200.0,313.5595131969147,56.77975659845733,437.16763547176214,-380.3878788733048,-15.97923660881918,0.9647223802821463,68.0,92.51470588235294,69.11764705882352,2.444544952775667,34.85328200000001,False,120,0.0,0.2,0.15,0,0.2,53.23538980572128,0,31,37
200.0,313.5595131969147,56.77975659845733,437.16763547176214,-380.3878788733048,-15.97923660881918,0.9647223802821463,68.0,92.51470588235294,69.11764705882352,2.444544952775667,34.85328200000001,False,120,0.0,0.2,0.15,0,0.3,53.23538980572128,0,31,37
200.0,294.4042487291069,47.20212436455344,376.84321135438984,-329.64108698983637,-12.967318841236041,0.8133180016626995,65.0,120.0,63.07692307692307,2.699114698069881,22.546378,False,120,0.0,0.0,0.1,0,0.0,47.89488982397581,0,0,65
200.0,294.4042487291069,47.20212436455344,376.84321135438984,-329.64108698983637,-12.967318841236041,0.8133180016626995,65.0,120.0,63.07692307692307,2.699114698069881,22.546378,False,120,0.0,0.0,0.1,0,0.2,47.89488982397581,0,0,65
200.0,294.4042487291069,47.20212436455344,376.84321135438984,-329.64108698983637,-12.967318841236041,0.8133180016626995,65.0,120.0,63.07692307692307,2.699114698069881,22.546378,False,120,0.0,0.0,0.1,0,0.3,47.89488982397581,0,0,65
200.0,279.4523033995781,39.72615169978906,437.16763547176214,-397.4414837719731,-11.645333740669827,0.9938001857154151,68.0,92.42647058823529,70.58823529411765,2.520842508136517,23.584834,False,120,0.0,0.2,0.1,0,0.0,40.37712223496928,0,32,36
200.0,279.4523033995781,39.72615169978906,437.16763547176214,-397.4414837719731,-11.645333740669827,0.9938001857154151,68.0,92.42647058823529,70.58823529411765,2.520842508136517,23.584834,False,120,0.0,0.2,0.1,0,0.2,40.37712223496928,0,32,36
200.0,279.4523033995781,39.72615169978906,437.16763547176214,-397.4414837719731,-11.645333740669827,0.9938001857154151,68.0,92.42647058823529,70.58823529411765,2.520842508136517,23.584834,False,120,0.0,0.2,0.1,0,0.3,40.37712223496928,0,32,36
200.0,285.3589247162247,42.67946235811235,436.690582605636,-394.01112024752365,-18.678234526645674,0.6291402725006752,47.0,93.97872340425532,70.2127659574468,1.8974906310597186,34.513385,False,120,0.0,0.2,0.2,40,0.0,35.02257036842669,0,20,27
200.0,285.3589247162247,42.67946235811235,436.690582605636,-394.01112024752365,-18.678234526645674,0.6291402725006752,47.0,93.97872340425532,70.2127659574468,1.8974906310597186,34.513385,False,120,0.0,0.2,0.2,40,0.2,35.02257036842669,0,20,27
200.0,285.3589247162247,42.67946235811235,436.690582605636,-394.01112024752365,-18.678234526645674,0.6291402725006752,47.0,93.97872340425532,70.2127659574468,1.8974906310597186,34.513385,False,120,0.0,0.2,0.2,40,0.3,35.02257036842669,0,20,27
200.0,273.4063507143784,36.70317535718919,437.16763547176214,-400.46446011457294,-14.583075867369965,0.7006846479784994,49.0,93.22448979591837,71.42857142857143,2.029171902956345,27.166394999999998,False,120,0.0,0.2,0.15,40,0.0,33.08340822144344,0,21,28
200.0,273.4063507143784,36.70317535718919,437.16763547176214,-400.46446011457294,-14.583075867369965,0.7006846479784994,49.0,93.22448979591837,71.42857142857143,2.029171902956345,27.166394999999998,False,120,0.0,0.2,0.15,40,0.2,33.08340822144344,0,21,28
200.0,273.4063507143784,36.70317535718919,437.16763547176214,-400.46446011457294,-14.583075867369965,0.7006846479784994,49.0,93.22448979591837,71.42857142857143,2.029171902956345,27.166394999999998,False,120,0.0,0.2,0.15,40,0.3,33.08340822144344,0,21,28
200.0,283.09159565177913,41.545797825889565,376.42567583995987,-334.8798780140703,-22.338905888577898,0.44711574092561623,45.0,120.0,60.0,1.7915279729210782,32.906815,False,120,0.0,0.0,0.2,40,0.0,30.75391752406153,0,0,45
200.0,283.09159565177913,41.545797825889565,376.42567583995987,-334.8798780140703,-22.338905888577898,0.44711574092561623,45.0,120.0,60.0,1.7915279729210782,32.906815,False,120,0.0,0.0,0.2,40,0.3,30.75391752406153,0,0,45
200.0,270.74000291111753,35.37000145555878,376.84321135438984,-341.47320989883104,-17.200684439622293,0.5040211777248101,47.0,120.0,61.702127659574465,1.898553390228762,25.951747,False,120,0.0,0.0,0.15,40,0.0,29.25466772698587,0,0,47
200.0,270.74000291111753,35.37000145555878,376.84321135438984,-341.47320989883104,-17.200684439622293,0.5040211777248101,47.0,120.0,61.702127659574465,1.898553390228762,25.951747,False,120,0.0,0.0,0.15,40,0.2,29.25466772698587,0,0,47
200.0,270.74000291111753,35.37000145555878,376.84321135438984,-341.47320989883104,-17.200684439622293,0.5040211777248101,47.0,120.0,61.702127659574465,1.898553390228762,25.951747,False,120,0.0,0.0,0.15,40,0.3,29.25466772698587,0,0,47
200.0,284.9053444946899,42.45267224734497,425.4911171458071,-383.0384448984621,-24.68065711362297,0.4433843452372124,52.0,120.0,59.61538461538461,1.6397166207713132,39.388236,False,120,0.0,0.0,0.2,20,0.0,28.611350715984308,0,0,52
200.0,284.9053444946899,42.45267224734497,425.4911171458071,-383.0384448984621,-24.68065711362297,0.4433843452372124,52.0,120.0,59.61538461538461,1.6397166207713132,39.388236,False,120,0.0,0.0,0.2,20,0.3,28.611350715984308,0,0,52
200.0,272.1010097546692,36.05050487733459,425.95692410477784,-389.9064192274433,-19.16497987198329,0.4943771483075928,54.0,120.0,61.111111111111114,1.7243888589836225,30.812438000000004,False,120,0.0,0.0,0.15,20,0.0,27.13809236826523,0,0,54
200.0,272.1010097546692,36.05050487733459,425.95692410477784,-389.9064192274433,-19.16497987198329,0.4943771483075928,54.0,120.0,61.111111111111114,1.7243888589836225,30.812438000000004,False,120,0.0,0.0,0.15,20,0.2,27.13809236826523,0,0,54
200.0,272.1010097546692,36.05050487733459,425.95692410477784,-389.9064192274433,-19.16497987198329,0.4943771483075928,54.0,120.0,61.111111111111114,1.7243888589836225,30.812438000000004,False,120,0.0,0.0,0.15,20,0.3,27.13809236826523,0,0,54
200.0,252.5248778392334,26.262438919616706,437.16763547176214,-410.9051965521454,-10.499671070716598,0.7309278188058598,50.0,93.64,72.0,2.104804076239004,18.541573,False,120,0.0,0.2,0.1,40,0.0,26.48462734777428,0,22,28
200.0,252.5248778392334,26.262438919616706,437.16763547176214,-410.9051965521454,-10.499671070716598,0.7309278188058598,50.0,93.64,72.0,2.104804076239004,18.541573,False,120,0.0,0.2,0.1,40,0.2,26.48462734777428,0,22,28
200.0,252.5248778392334,26.262438919616706,437.16763547176214,-410.9051965521454,-10.499671070716598,0.7309278188058598,50.0,93.64,72.0,2.104804076239004,18.541573,False,120,0.0,0.2,0.1,40,0.3,26.48462734777428,0,22,28
200.0,276.60739907559207,38.30369953779604,436.690582605636,-398.38688306783996,-23.241402044861626,0.5215029429374716,54.0,96.9074074074074,66.66666666666666,1.6056230512874712,40.889162000000006,False,120,0.0,0.2,0.2,20,0.0,25.23630516058718,0,21,33
200.0,276.60739907559207,38.30369953779604,436.690582605636,-398.38688306783996,-23.241402044861626,0.5215029429374716,54.0,96.9074074074074,66.66666666666666,1.6056230512874712,40.889162000000006,False,120,0.0,0.2,0.2,20,0.3,25.23630516058718,0,21,33
200.0,266.844686837204,33.422343418602,437.16763547176214,-403.74529205316014,-18.221452574838025,0.5873825434594094,56.0,96.14285714285714,67.85714285714286,1.7046573856311118,31.947867000000002,False,120,0.0,0.2,0.15,20,0.0,25.002147565629034,0,22,34
200.0,266.844686837204,33.422343418602,437.16763547176214,-403.74529205316014,-18.221452574838025,0.5873825434594094,56.0,96.14285714285714,67.85714285714286,1.7046573856311118,31.947867000000002,False,120,0.0,0.2,0.15,20,0.2,25.002147565629034,0,22,34
200.0,266.844686837204,33.422343418602,437.16763547176214,-403.74529205316014,-18.221452574838025,0.5873825434594094,56.0,96.14285714285714,67.85714285714286,1.7046573856311118,31.947867000000002,False,120,0.0,0.2,0.15,20,0.3,25.002147565629034,0,22,34
200.0,251.7101570220947,25.85507851104736,376.84321135438984,-350.9881328433425,-12.107576288592325,0.5441300883047733,48.0,120.0,62.5,1.9854095073042395,17.741475,False,120,0.0,0.0,0.1,40,0.0,24.37437008112431,0,0,48
200.0,251.7101570220947,25.85507851104736,376.84321135438984,-350.9881328433425,-12.107576288592325,0.5441300883047733,48.0,120.0,62.5,1.9854095073042395,17.741475,False,120,0.0,0.0,0.1,40,0.2,24.37437008112431,0,0,48
200.0,251.7101570220947,25.85507851104736,376.84321135438984,-350.9881328433425,-12.107576288592325,0.5441300883047733,48.0,120.0,62.5,1.9854095073042395,17.741475,False,120,0.0,0.0,0.1,40,0.3,24.37437008112431,0,0,48
200.0,252.61566064279174,26.307830321395876,425.95692410477784,-399.64909378338194,-13.605157176469895,0.5288257668885609,55.0,120.0,61.81818181818181,1.793012717848877,20.981973999999994,False,120,0.0,0.0,0.1,20,0.0,22.369927328287847,0,0,55
200.0,252.61566064279174,26.307830321395876,425.95692410477784,-399.64909378338194,-13.605157176469895,0.5288257668885609,55.0,120.0,61.81818181818181,1.793012717848877,20.981973999999994,False,120,0.0,0.0,0.1,20,0.2,22.369927328287847,0,0,55
200.0,252.61566064279174,26.307830321395876,425.95692410477784,-399.64909378338194,-13.605157176469895,0.5288257668885609,55.0,120.0,61.81818181818181,1.793012717848877,20.981973999999994,False,120,0.0,0.0,0.1,20,0.3,22.369927328287847,0,0,55
200.0,250.56739570681765,25.283697853408825,369.87262405273054,-344.5889261993217,-11.786755316537201,0.4282465884465503,61.0,90.0,57.377049180327866,1.672918575926101,21.703703,False,90,0.0,0.0,0.1,40,0.0,21.893039095636432,0,0,61
200.0,250.56739570681765,25.283697853408825,369.87262405273054,-344.5889261993217,-11.786755316537201,0.4282465884465503,61.0,90.0,57.377049180327866,1.672918575926101,21.703703,False,90,0.0,0.0,0.1,40,0.2,21.893039095636432,0,0,61
200.0,250.56739570681765,25.283697853408825,369.87262405273054,-344.5889261993217,-11.786755316537201,0.4282465884465503,61.0,90.0,57.377049180327866,1.672918575926101,21.703703,False,90,0.0,0.0,0.1,40,0.3,21.893039095636432,0,0,61
200.0,258.64497446306615,29.322487231533078,186.17200271343327,-156.8495154819002,-20.143744132228814,0.5341955100722743,41.0,97.17073170731707,65.85365853658537,1.7196581705125833,25.379341,True,120,0.0,0.2,0.2,0,0.2,20.314002934924385,0,18,23
200.0,248.14924370399478,24.074621851997403,437.16763547176214,-413.09301361976475,-13.172520170284962,0.6143061815015026,57.0,96.45614035087719,68.42105263157895,1.7614435732315754,21.729264999999998,False,120,0.0,0.2,0.1,20,0.0,20.205986340441555,0,23,34
200.0,248.14924370399478,24.074621851997403,437.16763547176214,-413.09301361976475,-13.172520170284962,0.6143061815015026,57.0,96.45614035087719,68.42105263157895,1.7614435732315754,21.729264999999998,False,120,0.0,0.2,0.1,20,0.2,20.205986340441555,0,23,34
200.0,248.14924370399478,24.074621851997403,437.16763547176214,-413.09301361976475,-13.172520170284962,0.6143061815015026,57.0,96.45614035087719,68.42105263157895,1.7614435732315754,21.729264999999998,False,120,0.0,0.2,0.1,20,0.3,20.205986340441555,0,23,34
200.0,248.89741368637465,24.448706843187317,369.87262405273054,-345.4239172095432,-14.856195830227382,0.3818506997552207,84.0,90.0,54.761904761904766,1.47535658167578,30.042946,False,90,0.0,0.0,0.1,0,0.0,16.66119557889568,0,0,84
200.0,248.89741368637465,24.448706843187317,369.87262405273054,-345.4239172095432,-14.856195830227382,0.3818506997552207,84.0,90.0,54.761904761904766,1.47535658167578,30.042946,False,90,0.0,0.0,0.1,0,0.2,16.66119557889568,0,0,84
200.0,248.89741368637465,24.448706843187317,369.87262405273054,-345.4239172095432,-14.856195830227382,0.3818506997552207,84.0,90.0,54.761904761904766,1.47535658167578,30.042946,False,90,0.0,0.0,0.1,0,0.3,16.66119557889568,0,0,84
200.0,252.3511169630051,26.17555848150255,450.32621664583996,-424.1506581643374,-19.318517818729564,0.33515433106406023,71.0,90.0,54.929577464788736,1.4106812682397483,38.72015,False,90,0.0,0.0,0.15,20,0.0,14.674068958654116,0,0,71
200.0,252.3511169630051,26.17555848150255,450.32621664583996,-424.1506581643374,-19.318517818729564,0.33515433106406023,71.0,90.0,54.929577464788736,1.4106812682397483,38.72015,False,90,0.0,0.0,0.15,20,0.2,14.674068958654116,0,0,71
200.0,252.3511169630051,26.17555848150255,450.32621664583996,-424.1506581643374,-19.318517818729564,0.33515433106406023,71.0,90.0,54.929577464788736,1.4106812682397483,38.72015,False,90,0.0,0.0,0.15,20,0.3,14.674068958654116,0,0,71
200.0,249.52640205707556,24.76320102853777,437.16763547176214,-412.4044344432244,-17.5555567042334,0.415217880810496,73.0,74.27397260273973,63.013698630136986,1.4093129343061892,39.879825000000004,False,90,0.0,0.2,0.15,20,0.0,14.459106921893667,0,27,46
200.0,249.52640205707556,24.76320102853777,437.16763547176214,-412.4044344432244,-17.5555567042334,0.415217880810496,73.0,74.27397260273973,63.013698630136986,1.4093129343061892,39.879825000000004,False,90,0.0,0.2,0.15,20,0.2,14.459106921893667,0,27,46
200.0,249.52640205707556,24.76320102853777,437.16763547176214,-412.4044344432244,-17.5555567042334,0.415217880810496,73.0,74.27397260273973,63.013698630136986,1.4093129343061892,39.879825000000004,False,90,0.0,0.2,0.15,20,0.3,14.459106921893667,0,27,46
200.0,257.7556242829514,28.87781214147569,436.690582605636,-407.8127704641603,-22.384315844270507,0.37771890453983475,70.0,74.44285714285714,62.857142857142854,1.3593796897407844,50.716255000000004,False,90,0.0,0.2,0.2,20,0.0,14.250660956976729,0,26,44
200.0,257.7556242829514,28.87781214147569,436.690582605636,-407.8127704641603,-22.384315844270507,0.37771890453983475,70.0,74.44285714285714,62.857142857142854,1.3593796897407844,50.716255000000004,False,90,0.0,0.2,0.2,20,0.3,14.250660956976729,0,26,44
200.0,257.9826883034287,28.991344151714337,449.83639367900105,-420.84504952728673,-25.17066627619443,0.29231163661547016,68.0,90.0,54.41176470588235,1.3423988182208713,49.134519000000004,False,90,0.0,0.0,0.2,20,0.0,12.32861258567287,0,0,68
200.0,257.9826883034287,28.991344151714337,449.83639367900105,-420.84504952728673,-25.17066627619443,0.29231163661547016,68.0,90.0,54.41176470588235,1.3423988182208713,49.134519000000004,False,90,0.0,0.0,0.2,20,0.3,12.32861258567287,0,0,68
200.0,235.87800679219055,17.939003396095266,450.32621664583996,-432.3872132497447,-13.789648937805676,0.3345068245032171,72.0,90.0,55.55555555555556,1.4222422675266042,26.217772000000004,False,90,0.0,0.0,0.1,20,0.0,11.23708943037403,0,0,72
200.0,235.87800679219055,17.939003396095266,450.32621664583996,-432.3872132497447,-13.789648937805676,0.3345068245032171,72.0,90.0,55.55555555555556,1.4222422675266042,26.217772000000004,False,90,0.0,0.0,0.1,20,0.2,11.23708943037403,0,0,72
200.0,235.87800679219055,17.939003396095266,450.32621664583996,-432.3872132497447,-13.789648937805676,0.3345068245032171,72.0,90.0,55.55555555555556,1.4222422675266042,26.217772000000004,False,90,0.0,0.0,0.1,20,0.3,11.23708943037403,0,0,72
200.0,233.99299067630005,16.99649533815002,437.16763547176214,-420.17114013361214,-12.632389637568831,0.41444579658841246,74.0,74.48648648648648,63.51351351351351,1.4214683662535015,26.990933000000002,False,90,0.0,0.2,0.1,20,0.0,11.059998291240905,0,27,47
200.0,233.99299067630005,16.99649533815002,437.16763547176214,-420.17114013361214,-12.632389637568831,0.41444579658841246,74.0,74.48648648648648,63.51351351351351,1.4214683662535015,26.990933000000002,False,90,0.0,0.2,0.1,20,0.2,11.059998291240905,0,27,47
200.0,233.99299067630005,16.99649533815002,437.16763547176214,-420.17114013361214,-12.632389637568831,0.41444579658841246,74.0,74.48648648648648,63.51351351351351,1.4214683662535015,26.990933000000002,False,90,0.0,0.2,0.1,20,0.3,11.059998291240905,0,27,47
200.0,245.48630828872302,22.743154144361522,369.87262405273054,-347.129469908369,-21.04397625279382,0.3064869221672008,60.0,90.0,55.00000000000001,1.4004127829713677,31.190494,False,90,0.0,0.0,0.15,40,0.0,10.602711169622996,0,0,60
200.0,245.48630828872302,22.743154144361522,369.87262405273054,-347.129469908369,-21.04397625279382,0.3064869221672008,60.0,90.0,55.00000000000001,1.4004127829713677,31.190494,False,90,0.0,0.0,0.15,40,0.3,10.602711169622996,0,0,60
200.0,227.53191484437562,13.765957422187803,369.87262405273054,-356.10666663054275,-10.050276263437219,0.3547045724975149,63.0,74.6984126984127,63.49206349206349,1.3825950343366815,22.265394,False,90,0.0,0.2,0.1,40,0.0,10.137955696293297,0,23,40
200.0,227.53191484437562,13.765957422187803,369.87262405273054,-356.10666663054275,-10.050276263437219,0.3547045724975149,63.0,74.6984126984127,63.49206349206349,1.3825950343366815,22.265394,False,90,0.0,0.2,0.1,40,0.2,10.137955696293297,0,23,40
200.0,227.53191484437562,13.765957422187803,369.87262405273054,-356.10666663054275,-10.050276263437219,0.3547045724975149,63.0,74.6984126984127,63.49206349206349,1.3825950343366815,22.265394,False,90,0.0,0.2,0.1,40,0.3,10.137955696293297,0,23,40
200.0,232.78720313447954,16.39360156723977,369.87262405273054,-353.47902248549076,-12.425205809624352,0.37846160240959303,86.0,74.79069767441861,60.46511627906976,1.330331137667976,30.673885,False,90,0.0,0.2,0.1,0,0.0,9.612658648361387,0,30,56
200.0,232.78720313447954,16.39360156723977,369.87262405273054,-353.47902248549076,-12.425205809624352,0.37846160240959303,86.0,74.79069767441861,60.46511627906976,1.330331137667976,30.673885,False,90,0.0,0.2,0.1,0,0.2,9.612658648361387,0,30,56
200.0,232.78720313447954,16.39360156723977,369.87262405273054,-353.47902248549076,-12.425205809624352,0.37846160240959303,86.0,74.79069767441861,60.46511627906976,1.330331137667976,30.673885,False,90,0.0,0.2,0.1,0,0.3,9.612658648361387,0,30,56
200.0,245.91346687509918,22.95673343754958,369.87262405273054,-346.91589061518096,-22.346137988939752,0.27446096844435036,81.0,90.0,53.086419753086425,1.2975286564664656,43.010276,False,90,0.0,0.0,0.15,0,0.0,8.104259428177093,0,0,81
200.0,245.91346687509918,22.95673343754958,369.87262405273054,-346.91589061518096,-22.346137988939752,0.27446096844435036,81.0,90.0,53.086419753086425,1.2975286564664656,43.010276,False,90,0.0,0.0,0.15,0,0.3,8.104259428177093,0,0,81
200.0,232.95140189609913,16.475700948049553,369.87262405273054,-353.396923104681,-17.17615485773947,0.2986380517894473,62.0,75.41935483870968,61.29032258064516,1.3028059598548833,32.253071,False,90,0.0,0.2,0.15,40,0.0,6.634961054019368,0,22,40
200.0,232.95140189609913,16.475700948049553,369.87262405273054,-353.396923104681,-17.17615485773947,0.2986380517894473,62.0,75.41935483870968,61.29032258064516,1.3028059598548833,32.253071,False,90,0.0,0.2,0.15,40,0.2,6.634961054019368,0,22,40
200.0,232.95140189609913,16.475700948049553,369.87262405273054,-353.396923104681,-17.17615485773947,0.2986380517894473,62.0,75.41935483870968,61.29032258064516,1.3028059598548833,32.253071,False,90,0.0,0.2,0.15,40,0.3,6.634961054019368,0,22,40
200.0,236.8240711426468,18.412035571323404,369.87262405273054,-351.4605884814071,-18.393689097696907,0.30485326571782045,83.0,75.10843373493977,59.036144578313255,1.2473046470526432,44.107302999999995,False,90,0.0,0.2,0.15,0,0.0,6.15792683331394,0,28,55
200.0,236.8240711426468,18.412035571323404,369.87262405273054,-351.4605884814071,-18.393689097696907,0.30485326571782045,83.0,75.10843373493977,59.036144578313255,1.2473046470526432,44.107302999999995,False,90,0.0,0.2,0.15,0,0.2,6.15792683331394,0,28,55
200.0,236.8240711426468,18.412035571323404,369.87262405273054,-351.4605884814071,-18.393689097696907,0.30485326571782045,83.0,75.10843373493977,59.036144578313255,1.2473046470526432,44.107302999999995,False,90,0.0,0.2,0.15,0,0.3,6.15792683331394,0,28,55
200.0,248.19397456896212,24.096987284481063,369.4617924651196,-345.3648051806385,-28.02497213612091,0.25583496939681155,58.0,90.0,53.44827586206896,1.3181622852103165,39.88022599999999,False,90,0.0,0.0,0.2,40,0.0,5.935058308441966,0,0,58
200.0,248.19397456896212,24.096987284481063,369.4617924651196,-345.3648051806385,-28.02497213612091,0.25583496939681155,58.0,90.0,53.44827586206896,1.3181622852103165,39.88022599999999,False,90,0.0,0.0,0.2,40,0.3,5.935058308441966,0,0,58
200.0,239.89734391869354,19.948671959346775,369.4617924651196,-349.5131205057728,-23.515524881358985,0.26439031346359404,80.0,74.4625,58.75,1.202421097416632,56.077737,False,90,0.0,0.2,0.2,0,0.0,3.1202469354106976,0,28,52
200.0,239.89734391869354,19.948671959346775,369.4617924651196,-349.5131205057728,-23.515524881358985,0.26439031346359404,80.0,74.4625,58.75,1.202421097416632,56.077737,False,90,0.0,0.2,0.2,0,0.3,3.1202469354106976,0,28,52
200.0,235.02174275460055,17.510871377300276,369.4617924651196,-351.9509210878193,-22.498844197892375,0.2523600299115609,60.0,75.91666666666667,60.0,1.2413546738226855,41.33255200000001,False,90,0.0,0.2,0.2,40,0.0,2.9768839979944213,0,21,39
200.0,235.02174275460055,17.510871377300276,369.4617924651196,-351.9509210878193,-22.498844197892375,0.2523600299115609,60.0,75.91666666666667,60.0,1.2413546738226855,41.33255200000001,False,90,0.0,0.2,0.2,40,0.3,2.9768839979944213,0,21,39
200.0,247.7931025187454,23.89655125937269,369.4617924651196,-345.5652412057469,-29.398480931008166,0.2319987258960766,78.0,90.0,52.56410256410257,1.2339130453740632,54.572654,False,90,0.0,0.0,0.2,0,0.0,2.9486230879868796,0,0,78
200.0,247.7931025187454,23.89655125937269,369.4617924651196,-345.5652412057469,-29.398480931008166,0.2319987258960766,78.0,90.0,52.56410256410257,1.2339130453740632,54.572654,False,90,0.0,0.0,0.2,0,0.3,2.9486230879868796,0,0,78
200.0,228.04131120658874,14.020655603294374,157.1937436610626,-143.1730880577682,-23.241402044861626,0.2725643015882009,33.0,103.27272727272727,63.63636363636363,1.3164828355400817,24.565315000000002,True,120,0.0,0.2,0.2,20,0.2,0.9537524973485638,0,11,22
200.0,227.42682081611633,13.713410408058158,170.19953185883435,-156.48612145077618,-23.254253221724362,0.264919162740236,40.0,120.0,55.00000000000001,1.311216417232049,24.275170000000003,True,120,0.0,0.0,0.2,0,0.2,0.41504407792512943,0,0,40
200.0,222.90761016808702,11.4538050840435,270.796332438541,-259.3425273544975,-21.04397625279382,0.18795980914342827,48.0,90.0,54.166666666666664,1.2302528662952343,23.837963000000002,True,90,0.0,0.0,0.15,40,0.2,-0.8098109240756917,0,0,48
200.0,221.2465974167252,10.623298708362604,186.29018372159337,-175.66688501323077,-20.921586350536337,0.17082246338233648,47.0,90.0,55.319148936170215,1.1933419556969413,32.92921,True,90,0.0,0.0,0.2,20,0.2,-2.157641776054942,0,0,47
200.0,214.02605203715513,7.013026018577562,170.19953185883435,-163.18650584025679,-22.338905888577898,0.1602564074633896,28.0,120.0,53.57142857142857,1.191884150117662,19.545613,True,120,0.0,0.0,0.2,40,0.2,-5.59901329726755,0,0,28
200.0,214.88344884642794,7.44172442321398,241.23396294423145,-233.79223852101748,-21.171886234028182,0.1440566099988258,53.0,77.43396226415095,64.15094339622641,1.1139591350095595,36.825283,True,90,0.0,0.2,0.2,20,0.2,-6.29865872725936,0,17,36
200.0,215.33856899494933,7.66928449747466,170.19953185883435,-162.5302473613597,-24.68065711362297,0.1608326352085852,33.0,120.0,57.57575757575758,1.1697362435579226,24.438302,True,120,0.0,0.0,0.2,20,0.2,-7.204442219952956,0,0,33
200.0,211.17825492246246,5.589127461231236,154.44771326248957,-148.85858580125833,-22.44757695040932,0.11940321186110374,49.0,77.61224489795919,59.183673469387756,1.0910274395396524,34.408424000000004,True,90,0.0,0.2,0.2,0,0.2,-8.981839253877494,0,16,33
200.0,199.9435191918106,-0.02824040409470374,154.66560341237656,-154.69384381647126,-20.30597857091989,0.028091695757477473,53.0,90.0,52.83018867924528,0.9994271399808434,27.778678,True,90,0.0,0.0,0.15,0,0.2,-13.239522532380404,0,0,53
200.0,192.46204384152986,-3.7689780792350636,167.29319375351602,-171.0621718327511,-21.11397833716745,-0.02953734026454693,41.0,79.73170731707317,58.536585365853654,0.9337980658636091,26.652474,True,90,0.0,0.2,0.2,40,0.2,-17.498095202792605,0,13,28
200.0,190.9579692009354,-4.521015399532303,154.44771326248957,-158.96872866202187,-21.670486847882252,-0.043248135617082094,36.0,90.0,50.0,0.9061597930487958,23.469610000000003,True,90,0.0,0.0,0.2,40,0.2,-18.496562070200017,0,0,36
200.0,186.23657060131072,-6.881714699344643,154.44771326248957,-161.32942796183423,-26.694822495606175,-0.053182646475109216,49.0,90.0,51.02040816326531,0.8941438914208528,34.159035,True,90,0.0,0.0,0.2,0,0.2,-25.610063863945008,0,0,49
