initial_cash,final_equity,total_return_pct,max_drawdown_pct,sharpe_ratio,trades,avg_holding_days,win_rate_pct,profit_factor,total_fees,holding_days,stop_loss_pct,take_profit_pct,max_position_fraction,score,stop_loss_exits,take_profit_exits,time_exits
200.0,367.7565456143494,83.87827280717471,-23.254253221724362,0.7186215768644995,61.0,120.0,60.65573770491803,2.528082052904791,41.516388,120,0.0,0.0,0.2,75.17217375540538,0,0,61
200.0,334.54180715166467,67.27090357583234,-18.191985234408016,0.774807200711176,65.0,120.0,61.53846153846154,2.609524033441577,33.281086,120,0.0,0.0,0.15,63.0604805172342,0,0,65
200.0,338.48991544092564,69.24495772046282,-20.143744132228814,0.8997340176654144,64.0,92.1875,68.75,2.342676629070758,43.599666,120,0.0,0.2,0.2,61.750549466645,0,30,34
200.0,313.5595131969147,56.77975659845733,-15.97923660881918,0.9652983440614478,68.0,92.51470588235294,69.11764705882352,2.444544952775667,34.85328200000001,120,0.0,0.2,0.15,53.23538980572128,0,31,37
200.0,294.40425082358934,47.20212541179467,-12.967318841236041,0.8138030641395957,65.0,120.0,63.07692307692307,2.6991147357669747,22.546378999999998,120,0.0,0.0,0.1,47.894891009702505,0,0,65
200.0,279.4523033995781,39.72615169978906,-11.645333740669827,0.9943936435010432,68.0,92.42647058823529,70.58823529411765,2.520842508136517,23.584834,120,0.0,0.2,0.1,40.37712223496928,0,32,36
200.0,270.4902421272812,35.245121063640596,-23.196127348947304,0.5640745586747813,65.0,75.07692307692308,70.76923076923077,1.6863028459273572,43.711544,120,0.0,0.12,0.2,22.143962581566903,0,45,20
200.0,259.2597061961975,29.629853098098756,-18.072168048413406,0.6234182967170505,69.0,75.20289855072464,71.01449275362319,1.7569570388980824,34.90409100000001,120,0.0,0.12,0.15,21.045307706279115,0,47,22
200.0,262.82440724640657,31.412203623203272,-19.292763023120763,0.3057561859087028,62.0,62.403225806451616,37.096774193548384,1.4608849103085289,41.259092,120,0.08,0.0,0.2,20.324101307405346,37,0,25
200.0,257.4204107433548,28.71020537167741,-18.341191582894012,0.3575248667832083,65.0,78.3076923076923,47.69230769230769,1.4982970145120742,32.509951,120,0.12,0.0,0.15,18.870299207067273,31,0,34
200.0,252.76250045907594,26.38125022953797,-15.300620152262923,0.4917773763314292,68.0,58.10294117647059,57.35294117647059,1.5000659663742018,34.245374,120,0.12,0.2,0.15,18.653846247211785,28,26,14
200.0,250.79975753672792,25.39987876836396,-14.831578539770163,0.32618842565338163,66.0,62.63636363636363,37.878787878787875,1.474927405935689,33.037693,120,0.08,0.0,0.15,18.01894724321478,39,0,27
200.0,265.79854234811404,32.89927117405702,-24.787929611134373,0.3107033997208502,61.0,77.50819672131148,45.90163934426229,1.4354557593069242,40.496909,120,0.12,0.0,0.2,17.63075731224086,30,0,31
200.0,243.4555739497948,21.72778697489739,-12.122848617495407,0.4026745394957216,65.0,79.83076923076923,49.23076923076923,1.5703228708560597,22.036945,120,0.12,0.0,0.1,17.43541761605614,30,0,35
200.0,258.2985761176987,29.149288058849354,-20.095673689793447,0.42120199852381196,64.0,57.46875,56.25,1.4220270268012853,42.797833,120,0.12,0.2,0.2,17.127776275510694,27,25,12
200.0,241.7309465526848,20.865473276342406,-12.806005794720765,0.6496731137224674,69.0,75.0,72.46376811594203,1.8021321445597644,23.603322,120,0.0,0.12,0.1,17.021463553100652,0,48,21
200.0,238.9384373977051,19.469218698852544,-9.536315618529478,0.37239845275459643,66.0,64.15151515151516,39.39393939393939,1.5500840003004295,22.387739000000003,120,0.08,0.0,0.1,16.968015036457583,38,0,28
200.0,248.89741548843764,24.44870774421881,-14.856195830227382,0.38207797700210344,84.0,90.0,54.761904761904766,1.4753566066337398,30.042946,90,0.0,0.0,0.1,16.661196604716974,0,0,84
200.0,239.3850950714073,19.692547535703664,-10.463718645144793,0.536929121210176,68.0,59.470588235294116,58.82352941176471,1.5649552560917346,23.184204,120,0.12,0.2,0.1,16.470324632303743,27,27,14
200.0,228.1314126653595,14.065706332679762,-8.497630461802153,0.4193869090296372,68.0,46.14705882352941,47.05882352941176,1.4315723518378862,23.071708,120,0.08,0.2,0.1,11.656759845517577,35,23,10
200.0,241.84955151689914,20.924775758449577,-15.941399710338267,0.3369023031237487,64.0,44.8125,45.3125,1.334511072873956,42.633416,120,0.08,0.2,0.2,11.589610540065657,34,21,9
200.0,236.03345883581545,18.01672941790773,-12.7203140257796,0.36873635940762867,68.0,44.76470588235294,45.588235294117645,1.3656028157043454,34.078051,120,0.08,0.2,0.15,11.560605427094755,36,22,10
200.0,232.78720239748003,16.393601198740004,-12.425205809624352,0.3786868418578864,86.0,74.79069767441861,60.46511627906976,1.330331135600266,30.673885,90,0.0,0.2,0.1,9.612658269523072,0,30,56
200.0,245.91346958048248,22.95673479024125,-22.346137988939752,0.2746242856461698,81.0,90.0,53.086419753086425,1.2975286786550346,43.010276,90,0.0,0.0,0.15,8.104260891811606,0,0,81
200.0,227.89056394618987,13.945281973094925,-12.742925925994452,0.2527600413630509,86.0,52.01162790697674,43.02325581395349,1.2854894264598458,30.624860000000005,90,0.08,0.0,0.1,6.704291660898315,48,0,38
200.0,236.8240700363846,18.412035018192306,-18.393689097696907,0.30503465970403204,83.0,75.10843373493977,59.036144578313255,1.2473046436349098,44.107302999999995,90,0.0,0.2,0.15,6.157926263094174,0,28,55
200.0,224.58753027406692,12.293765137033464,-13.915232620892581,0.22183575347079496,84.0,62.095238095238095,48.80952380952381,1.2294312891963683,29.799865,90,0.12,0.0,0.1,3.9945038673458706,37,0,47
200.0,239.89734244316864,19.948671221584323,-23.515524881358985,0.2645476157403769,80.0,74.4625,58.75,1.2024210932385644,56.077737,90,0.0,0.2,0.2,3.1202461767579055,0,28,52
200.0,247.79310612439727,23.896553062198645,-29.398480931008166,0.2321367656965254,78.0,90.0,52.56410256410257,1.2339130667088192,54.572654,90,0.0,0.0,0.2,2.9486249974866166,0,0,78
200.0,236.77332352238466,18.386661761192325,-21.610629270374037,0.2879203468312521,122.0,60.0,49.18032786885246,1.295632103813952,42.483292,60,0.0,0.0,0.1,2.872685727481557,0,0,122
200.0,209.22909422100832,4.6145471105041524,-8.166276520593051,0.18101283211921282,69.0,36.65217391304348,50.72463768115942,1.1522788746462838,23.278461999999998,120,0.08,0.12,0.1,1.0173109932907827,33,35,1
200.0,250.03151878569034,25.015759392845172,-32.56622321459748,0.265236903596619,120.0,60.0,48.333333333333336,1.2654263070932263,62.019401,60,0.0,0.0,0.15,0.2172534673631934,0,0,120
200.0,213.60534650125885,6.802673250629421,-11.942986735855566,0.20068307983320274,87.0,40.58620689655172,48.275862068965516,1.1483555746998546,30.878046,90,0.08,0.2,0.1,-0.5666912277629801,45,25,17
200.0,211.74738975611498,5.873694878057489,-12.388221274556589,0.20410145524563453,69.0,45.666666666666664,60.86956521739131,1.1764006953674508,23.303516999999996,120,0.12,0.12,0.1,-0.7706434510226985,26,40,3
200.0,214.52678920889664,7.263394604448314,-14.097152484248687,0.19925830074386294,86.0,49.43023255813954,54.65116279069767,1.1438416870349613,30.491291999999998,90,0.12,0.2,0.1,-1.6948259235633938,34,27,25
200.0,209.96407731278993,4.9820386563949715,-12.486541412308405,0.14036267304033478,69.0,35.405797101449274,49.275362318840585,1.1086675087629556,34.41116400000001,120,0.08,0.12,0.15,-2.6300880590215545,34,34,1
200.0,211.4886894648514,5.74434473242571,-15.653740222195056,0.13234568658337398,65.0,36.13846153846154,49.23076923076923,1.0990813589173274,43.121629,120,0.08,0.12,0.2,-4.606635089633945,32,32,1
200.0,213.59033438766483,6.795167193832419,-18.51141832695854,0.1679687554286075,69.0,44.43478260869565,59.42028985507246,1.1347811502484668,34.447445,120,0.12,0.12,0.15,-5.206863050144154,27,39,3
200.0,214.40307196842195,7.201535984210983,-19.5194013260623,0.12298461621458828,83.0,50.63855421686747,40.963855421686745,1.098275641786028,43.883064999999995,90,0.08,0.0,0.15,-6.630790051405603,48,0,35
200.0,208.05091650429534,4.025458252147662,-17.657863415501406,0.10074468509126436,84.0,39.67857142857143,46.42857142857143,1.0585189710302711,44.413542,90,0.08,0.2,0.15,-8.666021554327036,45,23,16
200.0,215.86883655368044,7.934418276840227,-20.73811760092307,0.1730594723484951,159.0,40.0,48.42767295597484,1.1145025417388925,54.463463000000004,40,0.0,0.0,0.1,-9.539830365157611,0,0,159
200.0,209.4434513102875,4.721725655143749,-20.418098969145817,0.09445051749100968,81.0,61.06172839506173,46.913580246913575,1.0587377205290882,42.645614,90,0.12,0.0,0.15,-9.860440669070172,37,0,44
200.0,250.01486433801276,25.007432169006382,-45.352621960404015,0.21616143548111483,114.0,60.0,46.49122807017544,1.2003795925692489,78.20120399999999,60,0.0,0.0,0.2,-10.335196538450386,0,0,114
200.0,210.468771999321,5.234385999660507,-23.783140344957697,0.11427680036917108,65.0,44.23076923076923,58.46153846153847,1.0793682725856317,43.11139,120,0.12,0.12,0.2,-11.311697396129606,26,37,2
200.0,201.37973727578355,0.6898686378917773,-17.692732818080447,0.037448137305590753,88.0,65.01136363636364,62.5,1.0141961071346326,31.151432999999997,90,0.0,0.12,0.1,-11.706272089995394,0,43,45
200.0,209.42702532526397,4.71351266263198,-22.742784751579524,0.10830608602899054,83.0,48.83132530120482,53.01204819277109,1.0622209787533168,43.833361,90,0.12,0.2,0.15,-11.71413905728608,34,25,24
200.0,204.71427529531863,2.357137647659324,-20.247635530876472,0.07394800439968437,122.0,54.73770491803279,50.81967213114754,1.0390252891331195,42.162735999999995,60,0.0,0.2,0.1,-13.401599354832433,0,25,97
200.0,191.36479117761232,-4.317604411193843,-15.208803601980868,-0.12404788070041199,88.0,34.5,51.13636363636363,0.9011577014652782,31.051419,90,0.08,0.12,0.1,-15.410989555353105,43,34,11
200.0,202.13734180960847,1.0686709048042253,-22.147544871017068,0.05032469785493887,81.0,38.82716049382716,45.67901234567901,1.0117826895590578,56.492098000000006,90,0.08,0.2,0.2,-15.737679200663289,44,23,14
200.0,203.89421468307498,1.9471073415374907,-20.47164694268475,0.0650964475683521,159.0,38.0,49.056603773584904,1.028783398549748,54.34373,40,0.0,0.2,0.1,-15.74989737272733,0,22,137
200.0,206.382508205925,3.191254102962504,-25.86645876049769,0.08124708835087588,80.0,50.275,40.0,1.0330065474440135,55.742514,90,0.08,0.0,0.2,-16.230682930190696,47,0,33
200.0,208.04559532328418,4.022797661642086,-30.783698659229042,0.08939168459590437,122.0,45.59016393442623,42.62295081967213,1.057369115952576,42.196042,60,0.12,0.0,0.1,-19.547932853016814,50,0,72
200.0,204.46899356635285,2.2344967831764206,-29.370722537286387,0.0672919923679851,80.0,48.3,52.5,1.0224035176027693,55.723493,90,0.12,0.2,0.2,-19.867702181774522,33,25,22
200.0,190.36464545475388,-4.8176772726230555,-20.793929729577144,-0.11825043219589017,88.0,41.77272727272727,56.81818181818182,0.9013780127442286,31.041286,90,0.12,0.12,0.1,-20.09829880608477,33,38,17
200.0,200.2655011759491,0.13275058797455053,-27.760617045619284,0.05856494788606407,78.0,61.07692307692308,46.15384615384615,1.001253368206336,54.097427999999994,90,0.12,0.0,0.2,-20.726316755208238,36,0,42
200.0,201.9506038927689,0.9753019463844437,-30.015204922895855,0.049153439015860376,120.0,54.65,50.0,1.0106525110640603,61.538636000000004,60,0.0,0.2,0.15,-23.15977099046714,0,25,95
200.0,193.31876473831562,-3.340617630842191,-22.864014458833125,-0.058059406894602324,161.0,35.391304347826086,52.17391304347826,0.9492763173440188,55.02958100000001,40,0.0,0.12,0.1,-23.323725938246945,0,48,113
200.0,193.7321911814499,-3.1339044092750457,-27.16359009910738,-0.02033640972882179,85.0,65.32941176470588,61.1764705882353,0.9570125270621568,44.86417,90,0.0,0.12,0.15,-23.5147428482948,0,41,44
200.0,191.05152748638918,-4.474236256805408,-24.512133535268532,-0.04648435597765403,123.0,38.21138211382114,34.959349593495936,0.9322006064586157,42.422081999999996,60,0.08,0.0,0.1,-24.00843747596373,67,0,56
200.0,187.86375599494937,-6.068122002525311,-23.010362134062156,-0.12012637464106422,124.0,49.63709677419355,54.83870967741935,0.897102962282692,42.78583999999999,60,0.0,0.12,0.1,-24.69967079165847,0,42,82
200.0,178.7071572674637,-10.646421366268143,-24.027633593833787,-0.21084949563518715,85.0,33.741176470588236,49.411764705882355,0.8375359892791772,44.71391200000001,90,0.08,0.12,0.15,-29.2651622152476,43,32,10
200.0,182.82477702540208,-8.587611487298963,-28.846283979044284,-0.17485826505618707,122.0,40.73770491803279,45.90163934426229,0.8685964908457056,41.943861999999996,60,0.12,0.2,0.1,-31.63653511735365,47,23,52
200.0,208.02270987555696,4.0113549377784885,-46.129340397147935,0.09042855529378942,120.0,45.025,41.66666666666667,1.0379875441167594,61.59935300000001,60,0.12,0.0,0.15,-32.07568028949867,51,0,69
200.0,173.5056562668152,-13.2471718665924,-25.69378698713144,-0.3171209616405349,123.0,33.91056910569106,37.39837398373984,0.7908610682966231,42.246643,60,0.08,0.2,0.1,-34.36553891545787,64,20,39
200.0,182.82885987960051,-8.585570060199743,-35.19113874096648,-0.06113813702908503,82.0,64.89024390243902,60.97560975609756,0.9110174875858302,57.090788,90,0.0,0.12,0.2,-35.73837607799545,0,40,42
200.0,177.20288247457125,-11.398558762714373,-32.20818647281983,-0.18722101763890722,85.0,41.27058823529412,55.294117647058826,0.84446452433428,44.698893999999996,90,0.12,0.12,0.15,-36.11732069565785,33,36,16
200.0,190.4024348088341,-4.798782595582951,-39.553111898482044,-0.012081859965753795,154.0,40.0,45.45454545454545,0.9545543838309541,78.295817,40,0.0,0.0,0.15,-38.225635450289715,0,0,154
200.0,176.87052957244495,-11.56473521377752,-31.35702404488083,-0.16729233716495887,159.0,32.484276729559745,44.65408805031446,0.8603268033276654,54.073519000000005,40,0.12,0.0,0.1,-38.25454518079981,52,0,107
200.0,182.69750488901522,-8.651247555492391,-37.863301645492975,-0.04133028982333234,121.0,37.52066115702479,33.88429752066116,0.9128978412060227,61.940070999999996,60,0.08,0.0,0.15,-39.211238133582015,68,0,53
200.0,163.56594886196905,-18.217025569015476,-25.140466872571587,-0.5117569780774998,124.0,30.524193548387096,41.12903225806452,0.6993752866408645,42.54301199999999,60,0.08,0.12,0.1,-39.422649890239846,61,34,29
200.0,169.75315227215197,-15.123423863924012,-30.541654660166373,-0.35293062315077167,124.0,36.29838709677419,50.0,0.7638195466940269,42.60475099999999,60,0.12,0.12,0.1,-40.06080467557865,46,38,40
200.0,176.63895461737067,-11.680522691314666,-34.77399764112059,-0.14033151721332765,122.0,49.64754098360656,54.09836065573771,0.8693669481823587,62.473286,60,0.0,0.12,0.15,-40.19785048124331,0,41,81
200.0,183.8742739387589,-8.062863030620548,-40.850815526486464,-0.028755864580954155,114.0,54.93859649122807,48.24561403508772,0.9334812085701665,77.539867,60,0.0,0.2,0.2,-41.33056198263457,0,23,91
200.0,166.33464818003466,-16.832675909982665,-30.200562427715816,-0.3086865621404275,159.0,30.50314465408805,45.28301886792453,0.7925751649783452,53.968172,40,0.12,0.2,0.1,-42.9886305058778,51,21,87
200.0,163.40036829499056,-18.299815852504718,-31.264351467226202,-0.2718286912349108,82.0,33.23170731707317,48.78048780487805,0.7880842276930851,56.896561999999996,90,0.08,0.12,0.2,-43.11248641445895,42,31,9
200.0,176.19132022355274,-11.904339888223635,-37.86438731719144,-0.1312685952251876,154.0,38.24025974025974,46.103896103896105,0.8845611682474629,78.153718,40,0.0,0.2,0.15,-44.40751043487989,0,19,135
200.0,159.36991782612614,-20.315041086936926,-32.06835716996491,-0.43103493273337257,161.0,28.099378881987576,48.4472049689441,0.7404066014121099,54.690127000000004,40,0.12,0.12,0.1,-48.22878230735006,50,44,67
200.0,170.19830345195012,-14.900848274024936,-42.102290945018964,-0.18660517289574036,120.0,40.09166666666667,45.0,0.8486365188772295,61.221143,60,0.12,0.2,0.15,-48.89544103840301,48,23,49
200.0,167.4220805888176,-16.2889597055912,-38.97690322356744,-0.21084460105357053,156.0,35.63461538461539,49.358974358974365,0.837825167716915,79.25377499999999,40,0.0,0.12,0.15,-49.97520003468221,0,43,113
200.0,185.42631463183602,-7.286842684081984,-51.494290480478874,0.0050808931255850445,148.0,40.0,45.94594594594595,0.946370091153455,100.052433,40,0.0,0.0,0.2,-50.61833173867387,0,0,148
200.0,161.89094619101715,-19.05452690449142,-42.07171544734744,-0.2248550237513011,82.0,41.02439024390244,54.87804878048781,0.8024352758600277,56.88143300000001,90,0.12,0.12,0.2,-51.90020876070187,32,35,15
200.0,158.3816279076233,-20.809186046188344,-36.97874588340946,-0.34015154680951065,160.0,27.60625,40.625,0.7496125202677875,54.284611,40,0.08,0.0,0.1,-52.309413407406495,78,0,82
200.0,156.37942929123693,-21.81028535438153,-37.888247262180165,-0.33435782196400793,121.0,33.14876033057851,36.36363636363637,0.771253197244566,61.676912,60,0.08,0.2,0.15,-53.084050414793836,65,20,36
200.0,194.80988236466982,-2.5950588176650857,-64.98862079597578,0.08813970976708248,114.0,44.74561403508772,39.473684210526315,0.9814012475351638,77.64920899999998,60,0.12,0.0,0.2,-53.7319786269711,50,0,64
200.0,148.74898392369465,-25.625508038152677,-33.40056597760015,-0.5999017536954548,161.0,23.88198757763975,44.099378881987576,0.6675309234331126,54.584053,40,0.08,0.12,0.1,-54.897480554187226,73,39,49
200.0,169.7203310466157,-15.13983447669215,-48.08479238280936,-0.10360869974162906,148.0,38.229729729729726,46.62162162162162,0.8858035771427399,99.895389,40,0.0,0.2,0.2,-56.20918032808547,0,18,130
200.0,148.25625218127442,-25.871873909362787,-36.20670963013267,-0.5229976140470417,160.0,25.80625,41.25,0.6844518885563079,54.183368,40,0.08,0.2,0.1,-57.113815089180754,77,18,65
200.0,165.01119780393222,-17.494401098033883,-52.0846513708906,-0.03964263525737863,115.0,37.17391304347826,32.17391304347826,0.864680219773139,78.14316899999999,60,0.08,0.0,0.2,-59.59164697733614,66,0,49
200.0,156.4276800835343,-21.786159958232844,-47.26126456253199,-0.1739031836964633,116.0,49.9051724137931,52.58620689655172,0.8159278704326499,78.84910299999999,60,0.0,0.12,0.2,-60.57492417796858,0,38,78
200.0,161.94007006736766,-19.02996496631617,-49.048538596541434,-0.15964169570748082,150.0,35.60666666666667,50.0,0.8524824941331243,101.401265,40,0.0,0.12,0.2,-61.124019693056624,0,42,108
200.0,141.43180160910802,-29.28409919544599,-37.99815302713239,-0.5281143399542731,122.0,29.89344262295082,40.16393442622951,0.6790092462852759,62.121228,60,0.08,0.12,0.15,-61.1537291343689,62,33,27
200.0,150.5550219973374,-24.722489001331294,-45.645804659106126,-0.3542769595868569,122.0,35.77049180327869,49.18032786885246,0.7437144784192096,62.21247,60,0.12,0.12,0.15,-62.00889360356484,47,37,38
200.0,142.34678389891815,-28.826608050540926,-57.51607069764195,-0.2385019746820811,114.0,40.12280701754386,42.98245614035088,0.7782423659051169,77.12463299999999,60,0.12,0.2,0.2,-75.3486808942468,47,21,46
200.0,138.1329839655228,-30.933508017238598,-54.98001657769751,-0.28095855143831605,155.0,27.45806451612903,39.35483870967742,0.7421733650275953,78.367118,40,0.08,0.0,0.15,-77.02600952537375,77,0,78
200.0,127.8965807034378,-36.0517096482811,-51.46864447214254,-0.38820011134345395,115.0,33.13913043478261,34.78260869565217,0.7092140163073519,77.77206199999999,60,0.08,0.2,0.2,-78.44572602085125,63,18,34
200.0,124.75372962964636,-37.62313518517683,-49.63462041711939,-0.5586427532079193,156.0,23.846153846153847,42.94871794871795,0.6608412035047393,78.82711400000001,40,0.08,0.12,0.15,-80.16625018049268,72,36,48
200.0,133.283691778267,-33.35815411086649,-58.29627017630782,-0.2729374826962736,154.0,31.935064935064936,41.55844155844156,0.7334757440306794,77.72468699999999,40,0.12,0.0,0.15,-81.91921237294396,54,0,100
200.0,123.34951644525918,-38.32524177737041,-53.85852911893756,-0.474585096393623,155.0,25.774193548387096,40.0,0.6760378216845372,78.219296,40,0.08,0.2,0.15,-83.89991430815091,76,17,62
200.0,114.27006313924414,-42.86496843037793,-51.52717900821566,-0.5439865899442712,116.0,29.948275862068964,38.793103448275865,0.6382441574278302,78.42760399999999,60,0.08,0.12,0.2,-85.72051209940054,60,30,26
200.0,121.23087341046919,-39.38456329476541,-55.89492526613602,-0.4425667824771729,154.0,30.194805194805195,42.2077922077922,0.6789871935918963,77.604169,40,0.12,0.2,0.15,-86.41102972640793,53,18,83
200.0,117.87737366187297,-41.06131316906352,-55.64306591711592,-0.5289529194418429,156.0,27.807692307692307,45.51282051282051,0.6530466341016576,78.758378,40,0.12,0.12,0.15,-88.14629833639219,52,39,65
200.0,122.4579791379319,-38.77101043103405,-62.35376294933579,-0.3515034018107432,116.0,35.810344827586206,47.41379310344828,0.6955604082974645,78.50943899999999,60,0.12,0.12,0.2,-89.46400255154857,46,34,36
200.0,105.87461515792849,-47.062692421035756,-61.95558566780151,-0.4769568463194079,150.0,23.713333333333335,43.333333333333336,0.6699088107627629,100.84071,40,0.08,0.12,0.2,-99.72187311807306,70,35,45
200.0,116.55745004299932,-41.72127497850035,-71.1366306089839,-0.18877459051282514,149.0,27.322147651006713,39.59731543624161,0.7302011263724301,100.155737,40,0.08,0.0,0.2,-100.90052915337611,75,0,74
200.0,100.08805687774664,-49.955971561126674,-68.71266251993914,-0.38912565630016965,149.0,25.630872483221477,40.26845637583892,0.6722115786614904,99.99106,40,0.08,0.2,0.2,-107.59896355777359,74,16,59
200.0,109.7707720050965,-45.11461399745175,-75.89656124340699,-0.16034325791097648,148.0,31.864864864864863,41.891891891891895,0.7210128215825787,99.29595900000001,40,0.12,0.0,0.2,-107.8367687720941,53,0,95
200.0,96.38421557910159,-51.807892210449204,-70.23672945962971,-0.42695792710623964,150.0,27.72,46.0,0.6605556707074479,100.745778,40,0.12,0.12,0.2,-110.71994985163425,51,38,61
200.0,96.942640376648,-51.52867981167599,-71.66418610222,-0.3507783806432163,148.0,30.114864864864863,42.567567567567565,0.6747192725095205,99.16769099999999,40,0.12,0.2,0.2,-111.30160757579338,52,17,79
